"size","max_diss","av_diss","diameter","separation"
14,5.79054833006029,3.44325323078566,7.34229909812898,2.26869308733949
14,5.49883724806714,3.06091988057985,8.42638604752766,2.26869308733949
