"","LR Chisq","Df","Pr(>Chisq)"
"unemp_Y15_24",34.0903009688085,9,8.61246607018987e-05
"GDP",78.6816118081719,9,2.9523107175826e-13
