"","LR Chisq","Df","Pr(>Chisq)"
"unemp_Y15_24",36.1255844297246,9,3.76628969625471e-05
"GDP",80.1804783722948,9,1.48806878268305e-13
