"","model","aic","weights"
"1","grps ~ 1 + unemp_Y15_24 + GDP",74.2749422206565,0.917692445626486
