"","model","aic","weights"
"1","grps ~ 1 + unemp_Y15_24 + GDP",76.3102256815726,0.902542632429956
