"","LR Chisq","Df","Pr(>Chisq)"
"emp_Y25_64_ED0_2",72.0277166281583,18,2.04483696043426e-08
"emp_Y15_24",81.0136949734224,18,5.69255565790590e-10
"training",110.64389161171,18,2.38781231541372e-15
