"","model","aic","weights"
"1","grps ~ 1 + emp_Y25_64_ED0_2 + emp_Y15_24 + training",198.738721306865,0.687430978506695
"2","grps ~ 1 + emp_Y25_64_ED0_2 + emp_PT + training",200.467623824567,0.28960275417827
