"","Sum Sq","Df","F value","Pr(>F)"
"pop_Y25_64",1213.94754409206,1,7.3652874538768,0.0201497208519808
"emp_TF",1658.24249275647,1,10.0609228848676,0.00888854722449987
"Residuals",1813.02129328081,11,NA,NA
