"","model","aicc","weights"
"1","mismatch ~ 1 + pop_Y25_64 + emp_FT",120.079184892542,0.179649896672775
"2","mismatch ~ 1 + emp_FT",121.891479679023,0.0725925678341522
