"module","eigenvar","p.eigenvar","meanVarTS","p.meanVarTS"
"blue",0.582775940640158,0,0.583144726039646,0
"brown",0.581707507136327,0,0.571627149630826,0
"black",0.579327828983478,0,0.570028248752152,0
"grey",0.526529422353762,0,0.381311795190885,0
"green",0.524802950682624,0,0.532166513235546,0
"yellow",0.475824689620214,0,0.505176346846919,0
