"","MEyellow","MEgreen","MEbrown","MEblack","MEblue","MEgrey"
"MEyellow",1,0.26143130535736,0.425168566626845,0.365784047311907,0.192908111016274,0.65166339320064
"MEgreen",0.26143130535736,1,0.520573050413224,0.816391894010767,0.661490687996055,0.420127364933955
"MEbrown",0.425168566626845,0.520573050413224,1,0.761455942152903,0.827917482776535,0.672319976242061
"MEblack",0.365784047311907,0.816391894010767,0.761455942152903,1,0.915233555481477,0.490780317315247
"MEblue",0.192908111016274,0.661490687996055,0.827917482776535,0.915233555481477,1,0.44112651502503
"MEgrey",0.65166339320064,0.420127364933955,0.672319976242061,0.490780317315247,0.44112651502503,1
