"","MEyellow","MEbrown","MEmagenta","MEturquoise","MEblue","MEgreen","MEblack","MEpink","MEred","MEgrey","MEyellow","MEbrown","MEmagenta","MEturquoise","MEblue","MEgreen","MEblack","MEpink","MEred","MEgrey"
"mismatch",0.155376299076363,-0.105299680170471,-0.206262470712834,-0.00676554781984906,-0.466475848399337,-0.404834190485156,0.301211440970887,0.110330472139077,0.0662098483224545,0.171162577322677,0.297007181289069,0.481170431918637,0.164226547621326,0.964000680631262,0.000949778347558074,0.00476336981622832,0.0938792152455022,0.460345381281677,0.658362692980723,0.250000902654465
"EU_groups",0.4261646436699,0.457771595723716,0.366166651385295,0.547938113651055,0.313168022165596,0.585264426451297,0.319440049664648,0.306909251388661,0.42730861840047,0.383825886998243,0,0,0,0,0,0,0,0,0,0
