"module","eigenvar","p.eigenvar","meanVarTS","p.meanVarTS"
"yellow",-0.00965680757192131,0.876612176287507,-0.0913074803075377,1.35259630162921e-08
"brown",-0.20128950393927,0.0010760258046127,-0.353000161975556,0
"green",-0.397065484263799,2.74211075199378e-11,-0.398134620945436,0
"black",-0.417379081214916,2.00315958444002e-12,-0.356502285403403,0
"blue",-0.417379081214916,2.00315958444002e-12,-0.416901883405618,0
"grey",-0.431954206959594,2.74109038039424e-13,-0.0430319040773042,0
