"module","eigenvar","p.eigenvar","meanVarTS","p.meanVarTS"
"grey",0.516483516483516,1.16139099392842e-07,-0.236332417582418,0
"red",0.433485179807032,1.42223994663151e-05,0.418031162701612,4.39460579038098e-10
"yellow",0.345397282306138,0.000696810839119586,0.34007146750123,1.03980879462284e-09
"magenta",0.226373626373626,0.0291130965140937,0.269821608687147,0
"green",0.0285714285714286,0.785728229425862,-0.117362637362637,0.111721760920898
"black",-0.0681318681318681,0.516397642206707,-0.147252747252747,1.00981777251263e-06
"blue",-0.191208791208791,0.066358984442632,0.168822033065383,1.26565424807268e-14
"brown",-0.389010989010989,0.000116347609663895,-0.417155067155067,0
