"module","eigenvar","p.eigenvar","meanVarTS","p.meanVarTS"
"blue",0.608204801657713,0,0.546905521600628,0
"magenta",0.607562888971958,0,0.553268100425281,0
"brown",0.602511023423192,0,0.568955643751106,0
"yellow",0.546561946315531,0,0.546315027913064,0
"red",0.531808887204722,0,0.529257345774719,0
"grey",0.509288434207545,0,0.468096113136368,0
"black",0.484393028476678,1.11022302462516e-16,0.508835251114509,0
"green",0.479086997440217,2.22044604925031e-16,0.343044409209777,0
