"","MEblack","MEgreen","MEbrown","MEblue","MEred","MEmagenta","MEyellow","MEgrey"
"MEblack",1,-0.0730058786667064,0.378905434036585,-0.286040404643251,-0.00579351387015518,0.0746322103189997,-0.143084053421905,-0.753334725910895
"MEgreen",-0.0730058786667064,1,0.382933961982632,0.474784399152517,0.585692024446503,0.709513294142222,0.57319062582371,-0.0868222374742622
"MEbrown",0.378905434036585,0.382933961982632,1,0.488197905165468,0.274063934915866,0.521142311479812,0.277736408132394,-0.40328548834711
"MEblue",-0.286040404643251,0.474784399152517,0.488197905165468,1,0.543923262740973,0.649339023007371,0.732313643905553,0.188803676404763
"MEred",-0.00579351387015518,0.585692024446503,0.274063934915866,0.543923262740973,1,0.864455226110865,0.778343335165538,-0.17991371339337
"MEmagenta",0.0746322103189997,0.709513294142222,0.521142311479812,0.649339023007371,0.864455226110865,1,0.866598751294389,-0.230625764674286
"MEyellow",-0.143084053421905,0.57319062582371,0.277736408132394,0.732313643905553,0.778343335165538,0.866598751294389,1,0.0326250528807057
"MEgrey",-0.753334725910895,-0.0868222374742622,-0.40328548834711,0.188803676404763,-0.17991371339337,-0.230625764674286,0.0326250528807057,1
