"","MEgreen","MEbrown","MEyellow","MEpurple","MEblack","MEpink","MEgreenyellow","MEblue","MEturquoise","MEmagenta","MEred","MEtan","MEgrey","MEgreen","MEbrown","MEyellow","MEpurple","MEblack","MEpink","MEgreenyellow","MEblue","MEturquoise","MEmagenta","MEred","MEtan","MEgrey"
"mismatch",0.0989010989010989,-0.142857142857143,0.305494505494505,-0.032967032967033,0.16043956043956,-0.138461538461538,0.164835164835165,-0.573626373626374,-0.437362637362637,-0.595604395604396,0.0813186813186813,-0.0857142857142857,0.147252747252747,0.736585369925317,0.626117476225324,0.288169885875457,0.910918653071845,0.583752752641341,0.636884991265019,0.573346405013138,0.031970813976397,0.117844831744477,0.0246126107952868,0.791708933888788,0.770785031118676,0.615418762484725
"EU_groups",0.43814114459896,0.450992871248079,0.416434973458789,0.40538581375251,0.593218780144905,0.382555878103086,0.508489267204273,0.523028905572831,0.543625367115885,0.489354380010321,0.321719285044793,0.37319310301236,0.388749814947573,7.34190486184616e-13,6.40598685208715e-14,3.63028496153106e-11,2.37691644144888e-10,0,9.16383402493892e-09,0,0,0,0,3.26893541909845e-05,3.74228675825705e-08,3.50902418233545e-09
