"","Sum Sq","Df","F value","Pr(>F)"
"pop_Total",2519.82313258578,1,7.01867414930011,0.0113190556858405
"emp_Y25_64_ED0_2",1352.39238273385,1,3.76693162851631,0.0590064711700057
"emp_FT",1590.78396448809,1,4.43094364215009,0.041315529829242
"GDP",2798.04928942139,1,7.79364073698967,0.00785713335132344
"Residuals",15078.7127764232,42,NA,NA
