"","model","aicc","weights"
"1","mismatch ~ 1 + pop_Total + emp_Y25_64_ED0_2 + emp_FT + GDP",418.71213091932,0.0552943935058101
"2","mismatch ~ 1 + pop_Total + emp_FT + GDP",420.112478728452,0.0274536084740217
"3","mismatch ~ 1 + pop_Total + emp_Y25_64_ED0_2 + emp_Y25_64_NaceG_I + GDP",420.437023691319,0.0233413189169962
"4","mismatch ~ 1 + pop_Total + pop_Y0_14 + emp_Y25_64_ED0_2 + emp_FT + GDP",420.601412454593,0.0214995230785335
