"","Sum Sq","Df","F value","Pr(>F)"
"mat_depriv",634.57395961856,1,14.0549920090562,0.00146921720479112
"ARPR_socexcl",544.935727264746,1,12.0696211624553,0.00270780608023163
"emp_Y25_64_NaceK",2095.45781041201,1,46.4116787873842,2.22910728492667e-06
"emp_Y25_64_NaceL",304.942742581553,1,6.7540871245011,0.0181426985115501
"Residuals",812.688564018696,18,NA,NA
