"","Sum Sq","Df","F value","Pr(>F)"
"ARPR",703.652759733657,1,9.53476545168044,0.00605700176588231
"emp_Y25_64_NaceK",3040.45265362054,1,41.1993025227165,3.73367743003782e-06
"emp_Y25_64_NaceL",256.557405796016,1,3.47645149588064,0.0777724888602152
"Residuals",1402.17423309382,19,NA,NA
