"","Sum Sq","Df","F value","Pr(>F)"
"pop_Y15_24",430.567700963468,1,30.9778517387334,9.13773082866648e-05
"low_work",404.142315227843,1,29.0766369480622,0.000122755328461048
"emp_Y15_24_ED5_8",392.685579410473,1,28.2523645682108,0.000140120739178793
"emp_Y15_24_NaceB_E",413.825014451035,1,29.7732735520054,0.000109996858268368
"emp_Y25_64_NaceK",1813.35197779098,1,130.464381309721,3.76878335988138e-08
"unemp_Y15_24",111.870148449892,1,8.04866891993112,0.0140010523315192
"Residuals",180.689744393294,13,NA,NA
