"","Sum Sq","Df","F value","Pr(>F)"
"pop_Y15_24",173.82480202251,1,154.260826662454,0.000241601942810799
"emp_Y15_24",2346.17862540036,1,2082.11630354782,1.37959624786207e-06
"emp_Y15_24_NaceM_N",1178.6225832277,1,1045.96865289797,5.44942799886658e-06
"Residuals",4.50729600724531,4,NA,NA
