"","Sum Sq","Df","F value","Pr(>F)"
"emp_Y25_64_NaceK",2192.61990446994,1,53.9071053376792,4.2745767175338e-07
"emp_Y25_64_NaceL",881.333315990057,1,21.66820058772,0.000152580700953947
"Residuals",813.480854048892,20,NA,NA
