"","Sum Sq","Df","F value","Pr(>F)"
"emp_Y25_64_NaceK",3822.82372924048,1,44.7164593100817,2.15324601728098e-06
"emp_Y25_64_NaceL",600.256909403046,1,7.02134483983898,0.0158082727876977
"Residuals",1624.31578832972,19,NA,NA
