"","Sum Sq","Df","F value","Pr(>F)"
"pop_Y15_24",1.28526270664306,1,6.30118660294835,0.0203243441101203
"pop_YGE75",2.20109632678916,1,10.7911935937113,0.00353135094233017
"ARPR_socexcl",0.771553578694757,1,3.78265318708763,0.0652996541012964
"emp_Y25_64_NaceF",1.16377353209443,1,5.70556832575695,0.0263785399943989
"emp_Y25_64_NaceG_I",1.70661208001006,1,8.36691294270601,0.00871016469199443
"emp_Y25_64_NaceR_U",5.25855672339806,1,25.7808360929295,4.99270267342401e-05
"Residuals",4.28340224472568,21,NA,NA
