"","Sum Sq","Df","F value","Pr(>F)"
"emp_YGE65",272.997608459468,1,7.12718301707344,0.0151468757015389
"emp_Y25_64_NaceK",1655.19456911143,1,43.2123735057359,2.71404051618958e-06
"emp_Y25_64_NaceL",338.632145835464,1,8.84071216760122,0.00780902926477849
"emp_Y15_24_NaceO_Q",156.531835249335,1,4.08659637758707,0.0575390123691167
"Residuals",727.77064210423,19,NA,NA
