"","Sum Sq","Df","F value","Pr(>F)"
"pop_Total",1.23077452201226,1,3.65659424307392,0.0689569021378267
"pop_Y0_14",22.1329151961734,1,65.756228164727,4.71177804408407e-08
"ARPR",7.25200124673629,1,21.5454785058645,0.000125867805817815
"emp_Y15_24_NaceB_E",5.56410183154371,1,16.5307798960898,0.000513719140102744
"emp_Y25_64_NaceF",6.30525344544364,1,18.7327191434188,0.000270686699476372
"Residuals",7.40498881864109,22,NA,NA
