"","Sum Sq","Df","F value","Pr(>F)"
"emp_PT",525.484724269862,1,4.41020816076168,0.0493095579095324
"emp_Y25_64_NaceK",2338.13620937135,1,19.6231534720053,0.000287559874478527
"Residuals",2263.88628318238,19,NA,NA
