"","Sum Sq","Df","F value","Pr(>F)"
"emp_Y15_24_NaceB_E",1356.83392229889,1,24.0191947026883,0.000115094987168002
"emp_Y25_64_NaceO_Q",910.086752033881,1,16.1107048800801,0.000814385082139832
"emp_Y15_24_NaceR_U",363.006047556384,1,6.42607233738471,0.0207408693966104
"GDP",1985.72990755619,1,35.1521527378474,1.30401193034865e-05
"Residuals",1016.8122163832,18,NA,NA
