"","Sum Sq","Df","F value","Pr(>F)"
"pop_Y0_14",5.76183359279036,1,13.8948815606729,0.00116934782139214
"low_work",5.52228634457536,1,13.3172042313072,0.00141312134675781
"emp_TF",1.83901120982212,1,4.43484570279879,0.046850704658363
"emp_Y25_64_NaceA",3.34711329487472,1,8.0716914248672,0.00950428590046873
"GDP",2.92583419683814,1,7.05576080539741,0.0144233003863796
"Residuals",9.12280817133137,22,NA,NA
