"","Sum Sq","Df","F value","Pr(>F)"
"pop_Y15_24",219.906080706963,1,6.3413054877244,0.0214791951735008
"mat_depriv",227.606659408668,1,6.56336265787082,0.0196052707181675
"emp_Y15_24_NaceB_E",250.642834744863,1,7.22764363002936,0.015016006164852
"emp_Y25_64_NaceG_I",143.275995061413,1,4.13156767116783,0.0571118853943121
"emp_Y25_64_NaceK",2036.65645340716,1,58.7298937031678,4.49425589732031e-07
"emp_Y25_64_NaceL",350.605271921267,1,10.1102030817515,0.00518936860834269
"Residuals",624.21049741065,18,NA,NA
