"","Sum Sq","Df","F value","Pr(>F)"
"emp_TP",373.417274917951,1,3.5170294617646,0.0770585887162369
"emp_Y15_24_NaceB_E",2522.85798547544,1,23.7615302203542,0.000121885622783512
"emp_Y25_64_NaceO_Q",1705.67607766142,1,16.0649049208568,0.00082480585601961
"GDP",1604.56610895786,1,15.1126009898544,0.00107907693656007
"Residuals",1911.13296649802,18,NA,NA
