"","Sum Sq","Df","F value","Pr(>F)"
"mat_depriv",373.881464948325,1,11.5678993507763,0.00299658405866215
"ARPR_socexcl",306.819244034714,1,9.49299301147594,0.006149022982719
"emp_Y25_64_NaceK",3190.20345172509,1,98.704953034127,5.84502673131924e-09
"emp_Y25_64_NaceL",671.266886214505,1,20.7690097135776,0.000215308085986543
"Residuals",614.091428236835,19,NA,NA
