"","Sum Sq","Df","F value","Pr(>F)"
"ARPR",273.457372571848,1,6.8107307212285,0.0177324196382927
"emp_Y25_64_NaceK",2118.96222568869,1,52.7748840409447,9.4058565180103e-07
"emp_Y25_64_NaceL",1297.04906397512,1,32.3043106275549,2.16785885240305e-05
"Residuals",722.717268934311,18,NA,NA
