"","Sum Sq","Df","F value","Pr(>F)"
"mat_depriv",220.714989031449,1,6.85715485403559,0.017403981628872
"ARPR_socexcl",152.335040217757,1,4.73273231262087,0.0431625277062895
"emp_Y25_64_NaceK",2916.82159485469,1,90.6195698139186,1.89529339670983e-08
"emp_Y25_64_NaceL",595.257089330418,1,18.4933975595086,0.000430719731919686
"Residuals",579.375832562386,18,NA,NA
