"","Sum Sq","Df","F value","Pr(>F)"
"emp_Y25_64_ED3_4",755.312305338094,1,11.0603926318775,0.00428092248928788
"emp_Y15_24_NaceB_E",1277.13274099304,1,18.7016542145253,0.000523217667792791
"emp_Y15_24_NaceR_U",530.483187297112,1,7.76811432125355,0.0131866025143408
"emp_Y25_64_NaceR_U",643.666654550423,1,9.42551296074547,0.00732429540822251
"GDP",690.489042619446,1,10.1111551677445,0.00581945535482305
"Residuals",1092.63724061467,16,NA,NA
