"","Sum Sq","Df","F value","Pr(>F)"
"(Intercept)",749.173504741108,1,14.214877834169,0.0196000223539185
"Residuals",210.813912994816,4,NA,NA
