"","Sum Sq","Df","F value","Pr(>F)"
"pop_Total",0.472076282324333,1,6.26100377019378,0.020269521240572
"emp_Y15_24_ED5_8",1.47086820146088,1,19.5076764065806,0.00021798323660158
"emp_Y15_24_NaceB_E",0.263185036315724,1,3.49054287692266,0.0750963631224267
"emp_Y25_64_NaceK",2.52988464816633,1,33.5530885863112,7.92392472478947e-06
"emp_Y15_24_NaceO_Q",0.62688221582083,1,8.314147657232,0.00862714018998514
"Residuals",1.65878804618798,22,NA,NA
