"","Sum Sq","Df","F value","Pr(>F)"
"mat_depriv",613.971054200684,1,17.4328629187432,0.000513489807187227
"ARPR_socexcl",636.71454934813,1,18.0786331557696,0.000431144643071163
"emp_Y25_64_NaceK",1492.0788946112,1,42.3655262829456,3.09969082055059e-06
"emp_Y25_64_NaceL",357.328568169832,1,10.1458528105453,0.00487254817227278
"Residuals",669.164329702308,19,NA,NA
