"","model","aicc","weights"
"1","lmktm_OC0 ~ 1",42.8970748470741,0.803932929930349
