"","model","aicc","weights"
"1","lmktm_ED0_2 ~ 1 + emp_PT + emp_Y25_64_NaceK",174.729743278869,0.0501623312527906
"2","lmktm_ED0_2 ~ 1 + emp_PT + emp_Y25_64_NaceA + emp_Y25_64_NaceK",175.480395543073,0.0344647905615337
"3","lmktm_ED0_2 ~ 1 + emp_Y25_64_ED3_4 + emp_PT + emp_Y15_24_NaceB_E + emp_Y25_64_NaceK",175.944354576812,0.0273292818498662
"4","lmktm_ED0_2 ~ 1 + pop_Y15_24 + emp_PT + emp_Y25_64_NaceK",175.980356456515,0.0268417304480206
"5","lmktm_ED0_2 ~ 1 + emp_PT + emp_Y25_64_NaceK + emp_Y15_24_NaceR_U",176.293693508572,0.0229493418084437
"6","lmktm_ED0_2 ~ 1 + emp_Y25_64_NaceK",176.302265709362,0.0228511891218531
"7","lmktm_ED0_2 ~ 1 + emp_Y25_64_ED5_8 + emp_Y25_64_NaceK",176.360255140879,0.0221981386456228
"8","lmktm_ED0_2 ~ 1 + emp_Y25_64_ED5_8 + emp_PT + emp_Y25_64_NaceK + emp_Y15_24_NaceR_U",176.464600306865,0.0210696972212646
"9","lmktm_ED0_2 ~ 1 + emp_PT + emp_Y15_24_NaceB_E + emp_Y25_64_NaceK",176.666644937615,0.0190451703063397
