"","model","aicc","weights"
"1","lmktm_OC6 ~ 1 + low_work + ARPR_socexcl",54.1783977952208,0.399119285732819
"2","lmktm_OC6 ~ 1 + ARPR_socexcl",54.6015228371842,0.323014693520775
"3","lmktm_OC6 ~ 1 + emp_Y15_24",55.9873713157642,0.161543357427365
