"","model","aicc","weights"
"1","lmktm_OC7 ~ 1 + ARPR + emp_Y25_64_NaceK + emp_Y25_64_NaceL",173.337142020347,0.0598266713057054
"2","lmktm_OC7 ~ 1 + ARPR + emp_Y25_64_NaceK",173.89462365909,0.0452729964825249
"3","lmktm_OC7 ~ 1 + ARPR + emp_Y25_64 + emp_Y25_64_NaceK",174.172415569587,0.0394019298221102
"4","lmktm_OC7 ~ 1 + ARPR + emp_Y25_64_NaceJ + emp_Y25_64_NaceK",174.274167910991,0.037447450292157
"5","lmktm_OC7 ~ 1 + ARPR + emp_Y25_64_ED3_4 + emp_Y25_64_NaceK",174.816652667553,0.02855112233045
"6","lmktm_OC7 ~ 1 + ARPR + emp_Y25_64_ED5_8 + emp_Y25_64_NaceK",175.009242664501,0.0259300168118199
"7","lmktm_OC7 ~ 1 + ARPR + emp_Y25_64_NaceF + emp_Y25_64_NaceK",175.063277638973,0.025238831995427
"8","lmktm_OC7 ~ 1 + ARPR + emp_Y25_64_NaceK + training",175.158189349633,0.0240690770184849
"9","lmktm_OC7 ~ 1 + ARPR + low_work + emp_Y25_64_NaceK",175.317755552515,0.0222233781341771
