"","model","aicc","weights"
"1","lmktm_OC0 ~ 1",42.8970748469433,0.876266688194101
