"","model","aicc","weights"
"1","lmktm_OC0 ~ 1",42.8971155261941,0.981906099675345
