"module","eigenvar","p.eigenvar","meanVarTS","p.meanVarTS"
"turquoise",0.448616600790514,0.0166446988073139,0.35654411222877,7.57838236609132e-13
"grey",0.0889328063241107,0.652691277592567,-0.1864332518591,0.650736258186407
"green",0.0849802371541502,0.667231438726063,0.0871322416761919,0.905726143705915
"blue",0.0820158102766798,0.678214608550201,0.0774047272331025,0.936423129676408
"black",0.0286561264822134,0.884908211656601,0.0395256916996047,0.980468921892239
"brown",-0.0444664031620553,0.822230262566523,-0.0298418972332016,0.954979465245821
"yellow",-0.199604743083004,0.308512359067232,-0.0421299551376555,0.503093188132669
"red",-0.474308300395257,0.0107713163585414,-0.485177865612648,0.014481979846966
