"module","eigenvar","p.eigenvar","meanVarTS","p.meanVarTS"
"turquoise",0.550769230769231,0.00238782105994303,0.383428169229517,0
"blue",0.39,0.0402040719715175,0.314107197150675,0.0177324769411995
"brown",0.2,0.307535537951526,0.246307692307692,0.139351070150927
"grey",0.0630769230769231,0.749823566222379,-0.200522969176572,0.429920309348344
"black",-0.0192307692307692,0.922623982599341,-0.0296153846153846,0.957805507185427
"yellow",-0.0853846153846154,0.665738346709902,-0.0514597094306175,0.846331879135373
"green",-0.164615384615385,0.40254661630482,-0.0570631725408111,0.573937414921062
"red",-0.447692307692308,0.0168974264684137,-0.414615384615385,0.0215933083282394
