"module","eigenvar","p.eigenvar","meanVarTS","p.meanVarTS"
"turquoise",0.275691699604743,0.155606422758427,0.237304642058229,0.781010720454561
"green",0.241106719367589,0.21646496125724,0.21115553593333,0.600171585702043
"blue",0.102766798418972,0.602799153923087,0.0952492397000406,0.908932516614727
"grey",-0.0385375494071146,0.845630686346216,-0.191965794132116,0.67019274665058
"black",-0.0444664031620553,0.822230262566523,-0.00098814229249012,0.946338302203419
"brown",-0.0474308300395257,0.810584328260255,-0.00770750988142293,0.973347441304715
"yellow",-0.144268774703557,0.463900896423707,-0.0443559644515913,0.817608684648913
"red",-0.468379446640316,0.0119434462331453,-0.464426877470356,0.417709192646154
