"module","eigenvar","p.eigenvar","meanVarTS","p.meanVarTS"
"turquoise",0.41501976284585,0.02808613493956,0.25004997377458,0.0179851819317668
"blue",0.400197628458498,0.0348413147796761,0.372124976472803,0.058533909652979
"brown",0.304347826086957,0.115336806933694,0.31304347826087,0.187417538087843
"yellow",0.0148221343873518,0.940326561999926,-0.0453910447368042,0.747061100568393
"green",0.00592885375494071,0.976113004302506,0.013842945977133,0.89446631797092
"grey",-0.129446640316206,0.511496658801383,-0.11476626284791,0.633004875743395
"black",-0.220355731225296,0.259839341482268,-0.192687747035573,0.499507501406371
"red",-0.33201581027668,0.0843267870638331,-0.308794466403162,0.258434639094479
