"module","eigenvar","p.eigenvar","meanVarTS","p.meanVarTS"
"blue",0.295019157088123,0.127490373500602,0.189864286416011,0.9747920299727
"green",0.12096332785988,0.539774878051074,0.0790380740256243,0.971904942466083
"turquoise",0.0618500273672687,0.754540777892347,0.111601388499361,1
"grey",0.0503557744937055,0.799132031942312,-0.198223067575719,0.613527970531956
"black",0.030103995621237,0.879134171550178,0.0711548987411056,0.973080910697256
"brown",-0.211275314723591,0.2804832312155,-0.188177339901478,0.993686960786126
"yellow",-0.401751505199781,0.0340771648193864,-0.119313121281738,0.741166287361067
"red",-0.558292282430213,0.00201887610406206,-0.535577449370553,0.0403646545317073
