"module","eigenvar","p.eigenvar","meanVarTS","p.meanVarTS"
"turquoise",0.457391304347826,0.0143972335884069,0.301080028349055,6.67821556743498e-05
"blue",0.287826086956522,0.137482543202413,0.245655938264634,0.279907372995697
"grey",0.0913043478260869,0.644025989017353,-0.217763655853297,0.427099739857827
"brown",0.0765217391304348,0.698739675718619,0.120521739130435,0.711450884236881
"green",0.02,0.919538645263253,0.065235550596238,0.86812835523071
"black",0.00347826086956522,0.985985003645127,0.0260869565217391,0.968139513415742
"yellow",-0.141739130434783,0.471855680339693,-0.0433986201338381,0.562218362266589
"red",-0.453913043478261,0.0152559600995325,-0.426086956521739,0.0867282493805406
