"module","eigenvar","p.eigenvar","meanVarTS","p.meanVarTS"
"blue",0.271483305966065,0.162273259907148,0.176826589757624,0.995767819940293
"green",0.152709359605911,0.437874527760303,0.0960106264425003,0.962007893408586
"turquoise",0.0399562123700055,0.840018958076688,0.0879021078323055,1
"black",0.0125889436234264,0.949304911032938,0.0558292282430213,0.997364439656776
"grey",-0.0240831964969896,0.903181314990317,-0.186560481505093,0.777011351176621
"brown",-0.227695675971538,0.243895126948051,-0.202517788724685,0.994637003509022
"yellow",-0.397372742200328,0.0362657221597982,-0.110278699389,0.881927330195282
"red",-0.512862616310892,0.00525912652327474,-0.493431855500821,0.148046319883442
