"module","eigenvar","p.eigenvar","meanVarTS","p.meanVarTS"
"turquoise",0.586086956521739,0.00104812186421498,0.3718815578942,0
"blue",0.517391304347826,0.00480806765359323,0.425238095238095,0.000421130930802538
"brown",0.32695652173913,0.0894608480698091,0.344521739130435,0.0119185167221484
"grey",0.0808695652173913,0.682478891835939,-0.158365777163485,0.53358201065668
"yellow",-0.0608695652173913,0.75831670602251,-0.0301614109240334,0.33619436696568
"green",-0.166086956521739,0.398294939552395,-0.0965289271834746,0.707808708776496
"black",-0.214782608695652,0.272388856233792,-0.2,0.31843960797642
"red",-0.374782608695652,0.0494096414081422,-0.342608695652174,0.063091115182517
