"","MEblack","MEgreen","MEred","MEyellow","MEturquoise","MEblue","MEbrown","MEgrey"
"MEblack",1,0.241926655719759,-0.423097974822113,-0.353585112205802,-0.250136836343733,-0.274220032840722,-0.469074986316366,0.0284619594964423
"MEgreen",0.241926655719759,1,-0.0344827586206897,-0.170224411603722,-0.585112205801861,-0.401751505199781,-0.454296661193213,0.0788177339901478
"MEred",-0.423097974822113,-0.0344827586206897,1,0.729611384783799,-0.395183360700602,-0.175150519978106,0.324028461959496,-0.216748768472906
"MEyellow",-0.353585112205802,-0.170224411603722,0.729611384783799,1,-0.256704980842912,0.0744389709906951,0.555555555555556,-0.194307608100712
"MEturquoise",-0.250136836343733,-0.585112205801861,-0.395183360700602,-0.256704980842912,1,0.539135194307608,0.441707717569786,0.136288998357964
"MEblue",-0.274220032840722,-0.401751505199781,-0.175150519978106,0.0744389709906951,0.539135194307608,1,0.684181718664477,-0.118773946360153
"MEbrown",-0.469074986316366,-0.454296661193213,0.324028461959496,0.555555555555556,0.441707717569786,0.684181718664477,1,-0.248494800218938
"MEgrey",0.0284619594964423,0.0788177339901478,-0.216748768472906,-0.194307608100712,0.136288998357964,-0.118773946360153,-0.248494800218938,1
