"module","eigenvar","p.eigenvar","meanVarTS","p.meanVarTS"
"green",0.333333333333333,0.0830273568155793,0.26984126984127,0.352576359331817
"grey",0.261904761904762,0.178197695101128,0.170634920634921,0.240503628085096
"red",0.238095238095238,0.222434145141201,0.0595238095238095,0.708463272470631
"black",0.142857142857143,0.468331257191807,0.154761904761905,0.690057603333272
"turquoise",-0.166666666666667,0.396627052402987,-0.176021467371374,0.234780774766652
"blue",-0.380952380952381,0.0454953194616779,-0.0436507936507937,0.937661579543767
"yellow",-0.5,0.00674089613773533,-0.0952380952380953,0.000128350835482238
"brown",-0.857142857142857,5.76098137048286e-09,-0.776190476190476,0
