"module","eigenvar","p.eigenvar","meanVarTS","p.meanVarTS"
"blue",0.425563909774436,0.0239601705822175,0.35874428718856,0.109090822296666
"turquoise",0.4,0.0349394810521154,0.235581659565313,0.0370349214672754
"brown",0.106766917293233,0.588680252392193,0.135338345864662,0.80944823668968
"grey",0.0300751879699248,0.879248997258181,-0.259141746114245,0.426240742662865
"black",-0.0766917293233083,0.698101410395195,-0.0503759398496241,0.877531475727699
"yellow",-0.087218045112782,0.658984447994169,-0.0369321948939183,0.534375274025035
"green",-0.171428571428571,0.383077372276187,-0.139348370927318,0.73600078786356
"red",-0.493233082706767,0.00765273938320795,-0.489473684210526,0.0468456630108323
