"module","eigenvar","p.eigenvar","meanVarTS","p.meanVarTS"
"turquoise",0.50197628458498,0.00649259809756271,0.395673748332921,0
"blue",0.183512140033879,0.34991489797314,0.13088254232419,0.917590043994087
"grey",0.116883116883117,0.553632795222593,-0.147295060230509,0.771086425520124
"brown",0.0615471485036702,0.755706631714958,0.0638057594579334,0.809674712803634
"yellow",-0.057029926595144,0.773155352069166,-0.0485856346802467,0.914081637386804
"green",-0.0615471485036702,0.755706631714958,-0.0218364289025542,0.904188010867715
"black",-0.116883116883117,0.553632795222593,-0.0841332580463015,0.885605643591834
"red",-0.369847543760587,0.0527279922661551,-0.378317334839074,0.0561809140064592
