"module","eigenvar","p.eigenvar","meanVarTS","p.meanVarTS"
"turquoise",0.469226425748165,0.0275901677408377,0.201508238911847,0.24900444078573
"brown",0.457933370976849,0.0321015763596822,0.345567476002259,0.365923028651965
"red",0.101072840203275,0.654477886922314,0.0282326369282891,0.986354868932612
"green",0.0276679841897233,0.902723158774713,-0.00252482944959251,0.821511971058585
"blue",-0.112365894974591,0.618582829831878,0.0680406549971767,0.721519778807539
"grey",-0.114624505928854,0.611500213810108,0.204578640276581,0.624744154594046
"yellow",-0.305477131564088,0.166821428422531,-0.266327875023527,0.469044127090728
