"module","eigenvar","p.eigenvar","meanVarTS","p.meanVarTS"
"turquoise",0.564229249011858,0.00176348650857888,0.342926295481275,2.33146835171283e-15
"blue",0.50197628458498,0.00649259809756271,0.438058585198173,0.000478572848442438
"brown",0.348814229249012,0.068877739356694,0.34703557312253,0.0149094875273137
"grey",0.0118577075098814,0.952246151571783,-0.10399658254649,0.736742066452269
"yellow",-0.0326086956521739,0.869159966307713,-0.0254955135237369,0.549011040523675
"green",-0.118577075098814,0.547859621954747,-0.0874508777816296,0.87202341739595
"black",-0.239130434782609,0.220369866036695,-0.221343873517787,0.299182671023527
"red",-0.370553359683794,0.052242948032678,-0.345355731225296,0.0826295163601313
