"module","eigenvar","p.eigenvar","meanVarTS","p.meanVarTS"
"blue",0.232074438970991,0.234698126742773,0.188530307495825,0.998364002312449
"green",0.137383689107827,0.485715917401415,0.123737472653034,0.999739786102305
"grey",0.0766283524904215,0.698339349100937,-0.00706826169797251,0.99476921433384
"turquoise",0.0662287903667214,0.737745816649689,0.0847902489297512,1
"black",-0.0580186097427477,0.769326797737207,-0.0355774493705528,0.997479641241937
"brown",-0.0613026819923372,0.756648024347333,-0.062616310892173,0.999997475129555
"yellow",-0.358511220580186,0.061014073685041,-0.0805116599843954,0.988340250132413
"red",-0.484948002189381,0.00890865644755458,-0.443076081007115,0.578438238916034
