"module","eigenvar","p.eigenvar","meanVarTS","p.meanVarTS"
"turquoise",0.600790513833992,0.000723186645737213,0.384362286210709,0
"blue",0.312252964426877,0.105727310410549,0.276395781944981,0.060130417993284
"brown",0.183794466403162,0.349161207301501,0.208300395256917,0.307467042108134
"grey",0.113636363636364,0.56477573165285,-0.131181538646494,0.757057315379542
"green",0.0207509881422925,0.916527576884025,0.0372285732380838,0.796222670205252
"yellow",-0.122529644268775,0.534498863372498,-0.0164636802789705,0.463500120666508
"black",-0.136363636363636,0.488991685192384,-0.12598814229249,0.693867795464439
"red",-0.466403162055336,0.01235702938599,-0.450592885375494,0.0102618114426133
