"module","eigenvar","p.eigenvar","meanVarTS","p.meanVarTS"
"green",0.928571428571428,1.0676205897843e-12,0.869047619047619,0
"black",0.857142857142857,5.76098137048309e-09,0.785714285714285,6.23759488505016e-10
"grey",0.714285714285714,1.96220392805679e-05,0.0119047619047619,0.000321984014122312
"turquoise",-0.321428571428571,0.0953374850934663,-0.0591225095883275,1.11022302462516e-15
"blue",-0.642857142857143,0.000224916667405394,-0.541666666666667,1.25911059356554e-09
"brown",-0.642857142857143,0.000224916667405394,-0.692857142857143,7.88258347483861e-15
"yellow",-0.785714285714285,7.28309454210905e-07,-0.0357142857142857,0
"red",-0.857142857142857,5.76098137048309e-09,-0.767857142857143,1.97808436297464e-12
