"module","eigenvar","p.eigenvar","meanVarTS","p.meanVarTS"
"turquoise",0.800433833461002,2.40030217923959e-13,0.564067596118799,0
"green",0.63155087603077,1.48087506479655e-07,0.5810660681003,3.21853654838833e-13
"blue",0.625793686936699,2.17786733425207e-07,0.476485218378021,7.93143328792212e-13
"brown",0.56576623709548,9.22086746601991e-06,0.48872521106545,5.24513765753909e-12
"red",0.487680876434764,0.000559956940557882,0.507808869816248,1.17901657425978e-06
"grey",0.41921636308975,0.00985699053371758,0.509525420875271,2.06588760542914e-08
"black",0.402179606232636,0.0180479354305132,0.41074308793137,0.00208533780164655
"yellow",0.397406030616129,0.021213265277126,0.428563438135367,1.68579365755761e-06
