"module","eigenvar","p.eigenvar","meanVarTS","p.meanVarTS"
"turquoise",0.428571428571429,0.0228786027831203,0.236268386859806,0.0680631006912507
"blue",0.413890457368718,0.0285602219348394,0.374794694245495,0.0471601611067464
"brown",0.312252964426877,0.105727310410549,0.328063241106719,0.162237022616126
"yellow",0.0705815923207228,0.721166373405371,-0.0577946419948113,0.812118568990556
"green",0.012987012987013,0.947704033106727,0.0404789535349548,0.81480950588108
"grey",-0.114624505928854,0.561373680254913,-0.0967244821086471,0.616267493094836
"black",-0.202710333145116,0.300889304679188,-0.167701863354037,0.611587744092434
"red",-0.322416713721062,0.0942662236348814,-0.281761716544325,0.370291410925752
