"module","eigenvar","p.eigenvar","meanVarTS","p.meanVarTS"
"blue",0.9,7.18227880467155e-11,0.866666666666666,0
"brown",0.6,0.000738096069111658,0.4,1.09068979963212e-05
"yellow",0.5,0.00674089613773534,-0.05,0.00489137674416185
"turquoise",0.5,0.00674089613773534,-0.00728916581934037,0
"black",-0.1,0.612647931848964,-0.15,0.570345473600044
"grey",-0.2,0.307535537951526,-0.366666666666667,0.01137998721695
"red",-0.5,0.00674089613773534,-0.35,0.0290606377611755
"green",-0.6,0.000738096069111658,-0.666666666666667,1.00334185404449e-11
