"","mean","n","stdev"
"mismatch",54.6354639839808,47,22.8095630541326
