"size","max_diss","av_diss","diameter","separation"
191,13.4582920317334,2.3502666120983,15.3768466599077,0.796653319800889
85,5.97714690028197,2.26692749726194,13.9265504735011,0.796653319800889
