"size","max_diss","av_diss","diameter","separation"
179,13.5489816475549,2.33119326502109,18.1098213085908,0.75450342247835
97,6.09760052461083,2.242861743438,12.6635873247225,0.75450342247835
