"","mean","n","stdev"
"mismatch",57.7461695120633,14,20.1727923953606
