"size","max_diss","av_diss","diameter","separation"
64,5.49636135157724,2.4630089159323,8.57296968529017,1.40664904757867
34,4.0030230197176,2.34426796082178,7.47745545762953,1.40664904757867
