"size","max_diss","av_diss","diameter","separation"
58,5.45888025213037,2.35516674028382,8.89997595323079,0.82322745043412
40,3.87837034309531,1.99917840332534,8.07445715104385,0.82322745043412
